Workbook
Name _Int_3zCWM0Ms: 'categories 2'!#REF!

Sheet data
A1: Subfield | B1: DOI | C1: Authors | D1: Year | E1: Title | F1: Journal | G1: Article per journal | H1: Link to article | I1: Study number | J1: Include | K1: General Notes | L1: Measure number | M1: Measure name | N1: Measure category | O1: How it is measured | P1: What is measured | Q1: how-what alignment | R1: Used recent technology (only for what behavior) | S1: Used as DV (only for both how and what behavior) | T1: Measure notes
G2: 1 | L2: 1 | Q2: =IF(OR(AND(data!O2='categories 2'!A$2,data!P2='categories 2'!B$2), AND(data!O2='categories 2'!A$3,data!P2='categories 2'!B$3), AND(data!O2='categories 2'!A$4,data!P2='categories 2'!B$4), AND(data!O2='categories 2'!A$5,data!P2='categories 2'!B$5)), "aligned", "MISALIGNED") -> MISALIGNED
G3: 2 | Q3: =IF(OR(AND(data!O3='categories 2'!A$2,data!P3='categories 2'!B$2), AND(data!O3='categories 2'!A$3,data!P3='categories 2'!B$3), AND(data!O3='categories 2'!A$4,data!P3='categories 2'!B$4), AND(data!O3='categories 2'!A$5,data!P3='categories 2'!B$5)), "aligned", "MISALIGNED") -> MISALIGNED
Q4: =IF(OR(AND(data!O4='categories 2'!A$2,data!P4='categories 2'!B$2), AND(data!O4='categories 2'!A$3,data!P4='categories 2'!B$3), AND(data!O4='categories 2'!A$4,data!P4='categories 2'!B$4), AND(data!O4='categories 2'!A$5,data!P4='categories 2'!B$5)), "aligned", "MISALIGNED") -> MISALIGNED
Q5: =IF(OR(AND(data!O5='categories 2'!A$2,data!P5='categories 2'!B$2), AND(data!O5='categories 2'!A$3,data!P5='categories 2'!B$3), AND(data!O5='categories 2'!A$4,data!P5='categories 2'!B$4), AND(data!O5='categories 2'!A$5,data!P5='categories 2'!B$5)), "aligned", "MISALIGNED") -> MISALIGNED
Q6: =IF(OR(AND(data!O6='categories 2'!A$2,data!P6='categories 2'!B$2), AND(data!O6='categories 2'!A$3,data!P6='categories 2'!B$3), AND(data!O6='categories 2'!A$4,data!P6='categories 2'!B$4), AND(data!O6='categories 2'!A$5,data!P6='categories 2'!B$5)), "aligned", "MISALIGNED") -> MISALIGNED
Q7: =IF(OR(AND(data!O7='categories 2'!A$2,data!P7='categories 2'!B$2), AND(data!O7='categories 2'!A$3,data!P7='categories 2'!B$3), AND(data!O7='categories 2'!A$4,data!P7='categories 2'!B$4), AND(data!O7='categories 2'!A$5,data!P7='categories 2'!B$5)), "aligned", "MISALIGNED") -> MISALIGNED
Q8: =IF(OR(AND(data!O8='categories 2'!A$2,data!P8='categories 2'!B$2), AND(data!O8='categories 2'!A$3,data!P8='categories 2'!B$3), AND(data!O8='categories 2'!A$4,data!P8='categories 2'!B$4), AND(data!O8='categories 2'!A$5,data!P8='categories 2'!B$5)), "aligned", "MISALIGNED") -> MISALIGNED
Q9: =IF(OR(AND(data!O9='categories 2'!A$2,data!P9='categories 2'!B$2), AND(data!O9='categories 2'!A$3,data!P9='categories 2'!B$3), AND(data!O9='categories 2'!A$4,data!P9='categories 2'!B$4), AND(data!O9='categories 2'!A$5,data!P9='categories 2'!B$5)), "aligned", "MISALIGNED") -> MISALIGNED
Q10: =IF(OR(AND(data!O10='categories 2'!A$2,data!P10='categories 2'!B$2), AND(data!O10='categories 2'!A$3,data!P10='categories 2'!B$3), AND(data!O10='categories 2'!A$4,data!P10='categories 2'!B$4), AND(data!O10='categories 2'!A$5,data!P10='categories 2'!B$5)), "aligned", "MISALIGNED") -> MISALIGNED
Q11: =IF(OR(AND(data!O11='categories 2'!A$2,data!P11='categories 2'!B$2), AND(data!O11='categories 2'!A$3,data!P11='categories 2'!B$3), AND(data!O11='categories 2'!A$4,data!P11='categories 2'!B$4), AND(data!O11='categories 2'!A$5,data!P11='categories 2'!B$5)), "aligned", "MISALIGNED") -> MISALIGNED
Q12: =IF(OR(AND(data!O12='categories 2'!A$2,data!P12='categories 2'!B$2), AND(data!O12='categories 2'!A$3,data!P12='categories 2'!B$3), AND(data!O12='categories 2'!A$4,data!P12='categories 2'!B$4), AND(data!O12='categories 2'!A$5,data!P12='categories 2'!B$5)), "aligned", "MISALIGNED") -> MISALIGNED
Q13: =IF(OR(AND(data!O13='categories 2'!A$2,data!P13='categories 2'!B$2), AND(data!O13='categories 2'!A$3,data!P13='categories 2'!B$3), AND(data!O13='categories 2'!A$4,data!P13='categories 2'!B$4), AND(data!O13='categories 2'!A$5,data!P13='categories 2'!B$5)), "aligned", "MISALIGNED") -> MISALIGNED
Q14: =IF(OR(AND(data!O14='categories 2'!A$2,data!P14='categories 2'!B$2), AND(data!O14='categories 2'!A$3,data!P14='categories 2'!B$3), AND(data!O14='categories 2'!A$4,data!P14='categories 2'!B$4), AND(data!O14='categories 2'!A$5,data!P14='categories 2'!B$5)), "aligned", "MISALIGNED") -> MISALIGNED
Q15: =IF(OR(AND(data!O15='categories 2'!A$2,data!P15='categories 2'!B$2), AND(data!O15='categories 2'!A$3,data!P15='categories 2'!B$3), AND(data!O15='categories 2'!A$4,data!P15='categories 2'!B$4), AND(data!O15='categories 2'!A$5,data!P15='categories 2'!B$5)), "aligned", "MISALIGNED") -> MISALIGNED
... Q5001: =IF(OR(AND(data!O5001='categories 2'!A$2,data!P5001='categories 2'!B$2), AND(data!O5001='categories 2'!A$3,data!P5001='categories 2'!B$3), AND(data!O5001='categories 2'!A$4,data!P5001='categories 2'!B$4), AND(data!O5001='categories 2'!A$5,data!P5001='categories 2'!B$5)), "aligned", "MISALIGNED") -> MISALIGNED

Sheet categories
A1: category | B1: example
A2: Self-report of subjective experience | B2: Self-reported fear of spiders
A3: Subjective experience test | B3: Visual search test for synesthesia
A4: Behavioral measure of subjective experience | B4: Implicit racial bias
A5: Neuro/bio/physiological measure of subjective experience | B5: GSR as a measure of fear
A6: Self-report of ability | B6: Self-reported intelligence, self-reported empathic perspective taking ability
A7: Cognitive ability test | B7: Mental rotation test, N-back task
A8: Behavioral measure of ability | B8: Iowa Gambling Task
A9: Neuro/bio/physiological measure of ability | B9: Cognitive Control Capacity measured via fMRI
A10: Self-report of behavior | B10: Self-reported social media use
A11: Behavioral test | B11: Stimulus equivalence test
A12: Behavioral measure of behavior | B12: Social media use via digital trace data, observational coding
... A17: Neuro/bio/physiological measure of neuro/bio/physiology | B17: Structural MRI, Salivatory immunoassays to measure menstrual cycle phase
A18: Indeterminable

Sheet categories 2
A1: How it is measured | B1: What is measured | C1: Boolean | D1: Alignment
A2: Self report | B2: Subjective experience | C2: TRUE | D2: aligned
A3: Test | B3: Mental ability or cognitive process | C3: FALSE | D3: MISALIGNED
A4: Behavioral (frequency, duration, latency) | B4: Behavior | C4: Indeterminable
A5: Neuro/bio/physiological | B5: Neuro/bio/physiology | C5: Out of time
A6: Indeterminable | B6: Indeterminable
A7: Out of time | B7: Out of time
A11: old
A12: Self-report or other report | B12: Subjective experience (mental content, often self-perceived)
A13: Test (has correct answers) | B13: Mental ability or cognitive process
A14: Behavioral measure (non-self-report; captures frequency, duration or latency of overt behaviors) | B14: Behavior (specific overt behaviors)
A15: Neuro/bio/physiological measure | B15: Neuro/bio/physiology
A16: Indeterminable | B16: Indeterminable
