Workbook
Name _Int_3zCWM0Ms: 'categories 2'!#REF!

Sheet data
A1: Subfield | B1: DOI | C1: Authors | D1: Year | E1: Title | F1: Journal | G1: Article per journal | H1: Link to article | I1: Study number | J1: Include | K1: General Notes | L1: Measure number | M1: Measure name | N1: How it is measured | O1: What is measured | P1: how-what alignment | Q1: Used recent technology (only for 'what'=behavior) | R1: Used as DV (only for 'what'=behavior) | S1: Measure notes
G2: 1 | L2: 1 | P2: =IF(OR(AND(data!N2='categories 2'!A$2,data!O2='categories 2'!B$2), AND(data!N2='categories 2'!A$3,data!O2='categories 2'!B$3), AND(data!N2='categories 2'!A$4,data!O2='categories 2'!B$4), AND(data!N2='categories 2'!A$5,data!O2='categories 2'!B$5)), "aligned", "MISALIGNED") -> MISALIGNED
G3: 2 | P3: =IF(OR(AND(data!N3='categories 2'!A$2,data!O3='categories 2'!B$2), AND(data!N3='categories 2'!A$3,data!O3='categories 2'!B$3), AND(data!N3='categories 2'!A$4,data!O3='categories 2'!B$4), AND(data!N3='categories 2'!A$5,data!O3='categories 2'!B$5)), "aligned", "MISALIGNED") -> MISALIGNED
P4: =IF(OR(AND(data!N4='categories 2'!A$2,data!O4='categories 2'!B$2), AND(data!N4='categories 2'!A$3,data!O4='categories 2'!B$3), AND(data!N4='categories 2'!A$4,data!O4='categories 2'!B$4), AND(data!N4='categories 2'!A$5,data!O4='categories 2'!B$5)), "aligned", "MISALIGNED") -> MISALIGNED
P5: =IF(OR(AND(data!N5='categories 2'!A$2,data!O5='categories 2'!B$2), AND(data!N5='categories 2'!A$3,data!O5='categories 2'!B$3), AND(data!N5='categories 2'!A$4,data!O5='categories 2'!B$4), AND(data!N5='categories 2'!A$5,data!O5='categories 2'!B$5)), "aligned", "MISALIGNED") -> MISALIGNED
P6: =IF(OR(AND(data!N6='categories 2'!A$2,data!O6='categories 2'!B$2), AND(data!N6='categories 2'!A$3,data!O6='categories 2'!B$3), AND(data!N6='categories 2'!A$4,data!O6='categories 2'!B$4), AND(data!N6='categories 2'!A$5,data!O6='categories 2'!B$5)), "aligned", "MISALIGNED") -> MISALIGNED
P7: =IF(OR(AND(data!N7='categories 2'!A$2,data!O7='categories 2'!B$2), AND(data!N7='categories 2'!A$3,data!O7='categories 2'!B$3), AND(data!N7='categories 2'!A$4,data!O7='categories 2'!B$4), AND(data!N7='categories 2'!A$5,data!O7='categories 2'!B$5)), "aligned", "MISALIGNED") -> MISALIGNED
P8: =IF(OR(AND(data!N8='categories 2'!A$2,data!O8='categories 2'!B$2), AND(data!N8='categories 2'!A$3,data!O8='categories 2'!B$3), AND(data!N8='categories 2'!A$4,data!O8='categories 2'!B$4), AND(data!N8='categories 2'!A$5,data!O8='categories 2'!B$5)), "aligned", "MISALIGNED") -> MISALIGNED
P9: =IF(OR(AND(data!N9='categories 2'!A$2,data!O9='categories 2'!B$2), AND(data!N9='categories 2'!A$3,data!O9='categories 2'!B$3), AND(data!N9='categories 2'!A$4,data!O9='categories 2'!B$4), AND(data!N9='categories 2'!A$5,data!O9='categories 2'!B$5)), "aligned", "MISALIGNED") -> MISALIGNED
P10: =IF(OR(AND(data!N10='categories 2'!A$2,data!O10='categories 2'!B$2), AND(data!N10='categories 2'!A$3,data!O10='categories 2'!B$3), AND(data!N10='categories 2'!A$4,data!O10='categories 2'!B$4), AND(data!N10='categories 2'!A$5,data!O10='categories 2'!B$5)), "aligned", "MISALIGNED") -> MISALIGNED
P11: =IF(OR(AND(data!N11='categories 2'!A$2,data!O11='categories 2'!B$2), AND(data!N11='categories 2'!A$3,data!O11='categories 2'!B$3), AND(data!N11='categories 2'!A$4,data!O11='categories 2'!B$4), AND(data!N11='categories 2'!A$5,data!O11='categories 2'!B$5)), "aligned", "MISALIGNED") -> MISALIGNED
P12: =IF(OR(AND(data!N12='categories 2'!A$2,data!O12='categories 2'!B$2), AND(data!N12='categories 2'!A$3,data!O12='categories 2'!B$3), AND(data!N12='categories 2'!A$4,data!O12='categories 2'!B$4), AND(data!N12='categories 2'!A$5,data!O12='categories 2'!B$5)), "aligned", "MISALIGNED") -> MISALIGNED
P13: =IF(OR(AND(data!N13='categories 2'!A$2,data!O13='categories 2'!B$2), AND(data!N13='categories 2'!A$3,data!O13='categories 2'!B$3), AND(data!N13='categories 2'!A$4,data!O13='categories 2'!B$4), AND(data!N13='categories 2'!A$5,data!O13='categories 2'!B$5)), "aligned", "MISALIGNED") -> MISALIGNED
P14: =IF(OR(AND(data!N14='categories 2'!A$2,data!O14='categories 2'!B$2), AND(data!N14='categories 2'!A$3,data!O14='categories 2'!B$3), AND(data!N14='categories 2'!A$4,data!O14='categories 2'!B$4), AND(data!N14='categories 2'!A$5,data!O14='categories 2'!B$5)), "aligned", "MISALIGNED") -> MISALIGNED
P15: =IF(OR(AND(data!N15='categories 2'!A$2,data!O15='categories 2'!B$2), AND(data!N15='categories 2'!A$3,data!O15='categories 2'!B$3), AND(data!N15='categories 2'!A$4,data!O15='categories 2'!B$4), AND(data!N15='categories 2'!A$5,data!O15='categories 2'!B$5)), "aligned", "MISALIGNED") -> MISALIGNED
... P5001: =IF(OR(AND(data!N5001='categories 2'!A$2,data!O5001='categories 2'!B$2), AND(data!N5001='categories 2'!A$3,data!O5001='categories 2'!B$3), AND(data!N5001='categories 2'!A$4,data!O5001='categories 2'!B$4), AND(data!N5001='categories 2'!A$5,data!O5001='categories 2'!B$5)), "aligned", "MISALIGNED") -> MISALIGNED

Sheet categories
A1: category | B1: example
A2: Self-report of subjective experience | B2: Self-reported fear of spiders
A3: Subjective experience test | B3: Visual search test for synesthesia
A4: Behavioral measure of subjective experience | B4: Implicit racial bias
A5: Neuro/bio/physiological measure of subjective experience | B5: GSR as a measure of fear
A6: Self-report of ability | B6: Self-reported intelligence, self-reported empathic perspective taking ability
A7: Cognitive ability test | B7: Mental rotation test, N-back task
A8: Behavioral measure of ability | B8: Iowa Gambling Task
A9: Neuro/bio/physiological measure of ability | B9: Cognitive Control Capacity measured via fMRI
A10: Self-report of behavior | B10: Self-reported social media use
A11: Behavioral test | B11: Stimulus equivalence test
A12: Behavioral measure of behavior | B12: Social media use via digital trace data, observational coding
... A17: Neuro/bio/physiological measure of neuro/bio/physiology | B17: Structural MRI, Salivatory immunoassays to measure menstrual cycle phase
A18: Indeterminable

Sheet categories 2
A1: How it is measured | B1: What is measured | C1: Boolean | D1: Alignment
A2: Self report | B2: Subjective experience | C2: TRUE | D2: aligned
A3: Test | B3: Mental ability or cognitive process | C3: FALSE | D3: MISALIGNED
A4: Behavioral (frequency, duration, latency) | B4: Behavior | C4: Indeterminable
A5: Neuro/bio/physiological | B5: Neuro/bio/physiology | C5: Out of time
A6: Indeterminable | B6: Indeterminable
A7: Out of time | B7: Out of time
A11: old
A12: Self-report or other report | B12: Subjective experience (mental content, often self-perceived)
A13: Test (has correct answers) | B13: Mental ability or cognitive process
A14: Behavioral measure (non-self-report; captures frequency, duration or latency of overt behaviors) | B14: Behavior (specific overt behaviors)
A15: Neuro/bio/physiological measure | B15: Neuro/bio/physiology
A16: Indeterminable | B16: Indeterminable
